steam_ID_654;vgsales_ID_639;FALSE
steam_ID_654;vgsales_ID_697;FALSE
steam_ID_585;vgsales_ID_652;TRUE
steam_ID_585;vgsales_ID_690;FALSE
steam_ID_596;vgsales_ID_575;TRUE
steam_ID_597;vgsales_ID_846;FALSE
steam_ID_601;vgsales_ID_690;FALSE
steam_ID_585;vgsales_ID_652;TRUE
steam_ID_801;vgsales_ID_967;TRUE
steam_ID_888;vgsales_ID_679;TRUE
steam_ID_883;vgsales_ID_840;TRUE
steam_ID_835;vgsales_ID_792;TRUE
steam_ID_883;vgsales_ID_840;TRUE
steam_ID_835;vgsales_ID_792;TRUE
steam_ID_787;vgsales_ID_792;FALSE
steam_ID_887;vgsales_ID_522;TRUE
steam_ID_519;vgsales_ID_562;TRUE
steam_ID_888;vgsales_ID_541;TRUE
steam_ID_775;vgsales_ID_588;FALSE
steam_ID_776;vgsales_ID_588;FALSE
steam_ID_893;vgsales_ID_731;FALSE
steam_ID_740;vgsales_ID_520;FALSE
steam_ID_744;vgsales_ID_983;FALSE
steam_ID_740;vgsales_ID_520;FALSE
steam_ID_546;vgsales_ID_830;FALSE
steam_ID_546;vgsales_ID_724;FALSE
steam_ID_546;vgsales_ID_724;FALSE
steam_ID_546;vgsales_ID_724;FALSE
steam_ID_617;vgsales_ID_620;FALSE
steam_ID_617;vgsales_ID_620;FALSE
steam_ID_548;vgsales_ID_607;FALSE
steam_ID_548;vgsales_ID_607;FALSE
steam_ID_654;vgsales_ID_535;FALSE
steam_ID_654;vgsales_ID_535;FALSE
steam_ID_585;vgsales_ID_556;FALSE
steam_ID_585;vgsales_ID_556;FALSE
steam_ID_674;vgsales_ID_748;FALSE
steam_ID_691;vgsales_ID_826;FALSE
steam_ID_559;vgsales_ID_811;FALSE
steam_ID_559;vgsales_ID_811;FALSE
steam_ID_559;vgsales_ID_811;FALSE
steam_ID_764;vgsales_ID_948;FALSE
steam_ID_637;vgsales_ID_531;FALSE
steam_ID_637;vgsales_ID_531;FALSE
steam_ID_637;vgsales_ID_531;FALSE
steam_ID_637;vgsales_ID_673;FALSE
steam_ID_654;vgsales_ID_535;FALSE
steam_ID_585;vgsales_ID_556;FALSE
steam_ID_585;vgsales_ID_556;FALSE
steam_ID_674;vgsales_ID_748;FALSE
steam_ID_691;vgsales_ID_826;FALSE
steam_ID_559;vgsales_ID_811;FALSE
steam_ID_559;vgsales_ID_811;FALSE
steam_ID_559;vgsales_ID_811;FALSE
steam_ID_764;vgsales_ID_948;FALSE
steam_ID_637;vgsales_ID_531;FALSE
steam_ID_637;vgsales_ID_531;FALSE
steam_ID_637;vgsales_ID_531;FALSE
steam_ID_637;vgsales_ID_673;FALSE
steam_ID_637;vgsales_ID_531;FALSE
steam_ID_598;vgsales_ID_536;FALSE
steam_ID_520;vgsales_ID_533;FALSE
steam_ID_663;vgsales_ID_885;FALSE
steam_ID_520;vgsales_ID_533;FALSE
steam_ID_520;vgsales_ID_856;FALSE
steam_ID_663;vgsales_ID_533;FALSE
steam_ID_520;vgsales_ID_856;FALSE
steam_ID_520;vgsales_ID_533;FALSE
steam_ID_520;vgsales_ID_797;FALSE
steam_ID_520;vgsales_ID_797;FALSE
steam_ID_520;vgsales_ID_654;FALSE
steam_ID_663;vgsales_ID_533;FALSE
steam_ID_663;vgsales_ID_654;FALSE
steam_ID_520;vgsales_ID_654;FALSE
steam_ID_520;vgsales_ID_885;FALSE
steam_ID_801;vgsales_ID_565;FALSE
steam_ID_667;vgsales_ID_897;FALSE
steam_ID_801;vgsales_ID_550;FALSE
steam_ID_667;vgsales_ID_897;FALSE
steam_ID_801;vgsales_ID_550;FALSE
steam_ID_646;vgsales_ID_991;FALSE
steam_ID_646;vgsales_ID_859;FALSE
steam_ID_646;vgsales_ID_542;FALSE
steam_ID_626;vgsales_ID_649;FALSE
steam_ID_537;vgsales_ID_926;FALSE
steam_ID_636;vgsales_ID_817;FALSE
steam_ID_753;vgsales_ID_666;FALSE
steam_ID_588;vgsales_ID_949;FALSE
steam_ID_636;vgsales_ID_666;FALSE
steam_ID_541;vgsales_ID_755;FALSE
steam_ID_668;vgsales_ID_926;FALSE
steam_ID_753;vgsales_ID_755;FALSE
steam_ID_698;vgsales_ID_796;FALSE
steam_ID_752;vgsales_ID_817;FALSE
steam_ID_668;vgsales_ID_989;FALSE
steam_ID_774;vgsales_ID_679;FALSE
steam_ID_815;vgsales_ID_634;FALSE
steam_ID_668;vgsales_ID_974;FALSE
steam_ID_698;vgsales_ID_894;FALSE
steam_ID_1001;vgsales_ID_1160;FALSE
steam_ID_1492;vgsales_ID_1151;TRUE
steam_ID_1226;vgsales_ID_1049;FALSE
steam_ID_1335;vgsales_ID_1379;FALSE
steam_ID_1325;vgsales_ID_1443;FALSE
steam_ID_1075;vgsales_ID_1220;FALSE
steam_ID_1154;vgsales_ID_1033;FALSE
steam_ID_1364;vgsales_ID_1033;FALSE
steam_ID_1360;vgsales_ID_1231;FALSE
steam_ID_1073;vgsales_ID_1249;FALSE
steam_ID_1200;vgsales_ID_1168;TRUE
steam_ID_1163;vgsales_ID_1006;FALSE
steam_ID_1335;vgsales_ID_1217;FALSE
steam_ID_1364;vgsales_ID_1249;FALSE
steam_ID_1318;vgsales_ID_1436;TRUE
steam_ID_1175;vgsales_ID_1317;FALSE
steam_ID_1154;vgsales_ID_1160;FALSE
steam_ID_1291;vgsales_ID_1347;FALSE
steam_ID_1154;vgsales_ID_1249;FALSE
steam_ID_1231;vgsales_ID_1166;TRUE
steam_ID_1066;vgsales_ID_1274;FALSE
steam_ID_1001;vgsales_ID_1298;FALSE
steam_ID_1025;vgsales_ID_1488;FALSE
steam_ID_1393;vgsales_ID_1310;TRUE
steam_ID_1075;vgsales_ID_1446;FALSE
steam_ID_1489;vgsales_ID_1040;FALSE
steam_ID_1364;vgsales_ID_1220;FALSE
steam_ID_1038;vgsales_ID_1454;FALSE
steam_ID_1001;vgsales_ID_1400;FALSE
steam_ID_1025;vgsales_ID_1040;FALSE
steam_ID_1360;vgsales_ID_1049;FALSE
steam_ID_1364;vgsales_ID_1274;FALSE
steam_ID_1075;vgsales_ID_1040;FALSE
steam_ID_1429;vgsales_ID_1231;FALSE
steam_ID_1234;vgsales_ID_1357;FALSE
steam_ID_1066;vgsales_ID_1400;FALSE
steam_ID_1489;vgsales_ID_1034;FALSE
steam_ID_1075;vgsales_ID_1160;FALSE
steam_ID_1038;vgsales_ID_1033;FALSE
steam_ID_1497;vgsales_ID_1203;FALSE
steam_ID_1376;vgsales_ID_1293;FALSE
steam_ID_1489;vgsales_ID_1400;FALSE
steam_ID_1073;vgsales_ID_1488;FALSE
steam_ID_1066;vgsales_ID_1231;FALSE
steam_ID_1429;vgsales_ID_1294;FALSE
steam_ID_1478;vgsales_ID_1400;FALSE
steam_ID_1429;vgsales_ID_1274;FALSE
steam_ID_1489;vgsales_ID_1160;FALSE
steam_ID_1360;vgsales_ID_1049;FALSE
steam_ID_1001;vgsales_ID_1488;FALSE
steam_ID_1148;vgsales_ID_1357;FALSE
steam_ID_1073;vgsales_ID_1017;FALSE
steam_ID_1254;vgsales_ID_1195;TRUE
steam_ID_1364;vgsales_ID_1017;FALSE
steam_ID_1417;vgsales_ID_1454;FALSE
steam_ID_1234;vgsales_ID_1160;FALSE
steam_ID_1417;vgsales_ID_1274;FALSE
steam_ID_1330;vgsales_ID_1317;FALSE
steam_ID_1417;vgsales_ID_1034;FALSE
steam_ID_1360;vgsales_ID_1446;FALSE
steam_ID_1360;vgsales_ID_1294;FALSE
steam_ID_1254;vgsales_ID_1346;FALSE
steam_ID_1360;vgsales_ID_1298;FALSE
steam_ID_1360;vgsales_ID_1294;FALSE
steam_ID_1025;vgsales_ID_1220;FALSE
steam_ID_1073;vgsales_ID_1249;FALSE
steam_ID_1226;vgsales_ID_1220;FALSE
steam_ID_1489;vgsales_ID_1220;FALSE
steam_ID_1261;vgsales_ID_1033;FALSE
steam_ID_1364;vgsales_ID_1357;FALSE
steam_ID_1231;vgsales_ID_1433;TRUE
steam_ID_1066;vgsales_ID_1274;FALSE
steam_ID_1001;vgsales_ID_1033;FALSE
steam_ID_1364;vgsales_ID_1049;FALSE
steam_ID_1424;vgsales_ID_1474;FALSE
steam_ID_1001;vgsales_ID_1298;FALSE
steam_ID_1429;vgsales_ID_1017;FALSE
steam_ID_1075;vgsales_ID_1231;FALSE
steam_ID_1073;vgsales_ID_1400;FALSE
steam_ID_1429;vgsales_ID_1446;FALSE
steam_ID_1038;vgsales_ID_1078;FALSE
steam_ID_1148;vgsales_ID_1017;FALSE
steam_ID_1417;vgsales_ID_1049;FALSE
steam_ID_1429;vgsales_ID_1034;FALSE
steam_ID_1364;vgsales_ID_1454;FALSE
steam_ID_1386;vgsales_ID_1488;FALSE
steam_ID_1386;vgsales_ID_1454;FALSE
steam_ID_1038;vgsales_ID_1357;FALSE
steam_ID_1226;vgsales_ID_1400;FALSE
steam_ID_1489;vgsales_ID_1249;FALSE
steam_ID_1000;vgsales_ID_1454;FALSE
steam_ID_1218;vgsales_ID_1004;FALSE
steam_ID_1038;vgsales_ID_1249;FALSE
steam_ID_1330;vgsales_ID_1443;FALSE
steam_ID_1154;vgsales_ID_1034;FALSE
steam_ID_1001;vgsales_ID_1231;FALSE
steam_ID_1000;vgsales_ID_1049;FALSE
steam_ID_1234;vgsales_ID_1294;FALSE
steam_ID_1424;vgsales_ID_1000;FALSE
steam_ID_1480;vgsales_ID_1184;FALSE
steam_ID_203;vgsales_ID_70;TRUE
steam_ID_203;vgsales_ID_29;TRUE
steam_ID_476;vgsales_ID_299;TRUE
steam_ID_476;vgsales_ID_208;TRUE
steam_ID_203;vgsales_ID_36;TRUE
steam_ID_289;vgsales_ID_198;TRUE
steam_ID_482;vgsales_ID_430;TRUE
steam_ID_258;vgsales_ID_55;TRUE
steam_ID_258;vgsales_ID_55;TRUE
steam_ID_476;vgsales_ID_109;TRUE
steam_ID_476;vgsales_ID_109;TRUE
steam_ID_288;vgsales_ID_51;TRUE
steam_ID_297;vgsales_ID_44;TRUE
steam_ID_258;vgsales_ID_36;TRUE
steam_ID_295;vgsales_ID_388;TRUE
steam_ID_9;vgsales_ID_281;TRUE
steam_ID_203;vgsales_ID_120;TRUE
steam_ID_297;vgsales_ID_23;TRUE
steam_ID_172;vgsales_ID_482;TRUE
steam_ID_203;vgsales_ID_29;TRUE
steam_ID_258;vgsales_ID_120;TRUE
steam_ID_294;vgsales_ID_16;TRUE
steam_ID_482;vgsales_ID_430;TRUE
steam_ID_258;vgsales_ID_70;TRUE
steam_ID_462;vgsales_ID_274;TRUE
steam_ID_258;vgsales_ID_37;TRUE
steam_ID_258;vgsales_ID_36;TRUE
steam_ID_203;vgsales_ID_70;TRUE
steam_ID_288;vgsales_ID_44;TRUE
steam_ID_476;vgsales_ID_299;TRUE
steam_ID_452;vgsales_ID_431;TRUE
steam_ID_476;vgsales_ID_287;TRUE
steam_ID_294;vgsales_ID_23;TRUE
steam_ID_294;vgsales_ID_197;TRUE
steam_ID_482;vgsales_ID_289;TRUE
steam_ID_482;vgsales_ID_289;TRUE
steam_ID_297;vgsales_ID_16;TRUE
steam_ID_203;vgsales_ID_36;TRUE
steam_ID_258;vgsales_ID_120;TRUE
steam_ID_258;vgsales_ID_37;TRUE
steam_ID_295;vgsales_ID_56;TRUE
steam_ID_295;vgsales_ID_51;TRUE
steam_ID_288;vgsales_ID_16;TRUE
steam_ID_452;vgsales_ID_394;TRUE
steam_ID_288;vgsales_ID_197;TRUE
steam_ID_295;vgsales_ID_44;TRUE
steam_ID_482;vgsales_ID_289;TRUE
steam_ID_21;vgsales_ID_369;TRUE
steam_ID_251;vgsales_ID_166;TRUE
steam_ID_476;vgsales_ID_109;TRUE
steam_ID_476;vgsales_ID_208;TRUE
steam_ID_482;vgsales_ID_430;TRUE
steam_ID_258;vgsales_ID_70;TRUE
steam_ID_203;vgsales_ID_29;TRUE
steam_ID_203;vgsales_ID_55;TRUE
steam_ID_476;vgsales_ID_299;TRUE
steam_ID_203;vgsales_ID_36;TRUE
steam_ID_21;vgsales_ID_301;TRUE
steam_ID_203;vgsales_ID_36;TRUE
steam_ID_203;vgsales_ID_37;TRUE
steam_ID_482;vgsales_ID_289;TRUE
steam_ID_258;vgsales_ID_37;TRUE
steam_ID_258;vgsales_ID_120;TRUE
steam_ID_258;vgsales_ID_120;TRUE
steam_ID_251;vgsales_ID_98;TRUE
steam_ID_288;vgsales_ID_38;TRUE
steam_ID_297;vgsales_ID_51;TRUE
steam_ID_462;vgsales_ID_274;TRUE
steam_ID_203;vgsales_ID_55;TRUE
steam_ID_258;vgsales_ID_70;TRUE
steam_ID_251;vgsales_ID_166;TRUE
steam_ID_203;vgsales_ID_70;TRUE
steam_ID_251;vgsales_ID_166;TRUE
steam_ID_258;vgsales_ID_70;TRUE
steam_ID_452;vgsales_ID_436;TRUE
steam_ID_294;vgsales_ID_388;TRUE
steam_ID_258;vgsales_ID_55;TRUE
steam_ID_258;vgsales_ID_29;TRUE
steam_ID_6;vgsales_ID_281;TRUE
steam_ID_258;vgsales_ID_29;TRUE
steam_ID_462;vgsales_ID_483;TRUE
steam_ID_289;vgsales_ID_24;TRUE
steam_ID_476;vgsales_ID_208;TRUE
steam_ID_203;vgsales_ID_37;TRUE
steam_ID_203;vgsales_ID_36;TRUE
steam_ID_297;vgsales_ID_197;TRUE
steam_ID_203;vgsales_ID_29;TRUE
steam_ID_294;vgsales_ID_56;TRUE
steam_ID_295;vgsales_ID_23;TRUE
steam_ID_251;vgsales_ID_98;TRUE
steam_ID_476;vgsales_ID_287;TRUE
steam_ID_476;vgsales_ID_208;TRUE
steam_ID_288;vgsales_ID_23;TRUE
steam_ID_288;vgsales_ID_388;TRUE
steam_ID_452;vgsales_ID_394;TRUE
steam_ID_482;vgsales_ID_430;TRUE
steam_ID_20;vgsales_ID_369;TRUE
steam_ID_203;vgsales_ID_55;TRUE
steam_ID_294;vgsales_ID_38;TRUE
steam_ID_476;vgsales_ID_109;TRUE
steam_ID_258;vgsales_ID_29;TRUE
steam_ID_203;vgsales_ID_55;TRUE
steam_ID_452;vgsales_ID_436;TRUE
steam_ID_294;vgsales_ID_51;TRUE
steam_ID_258;vgsales_ID_120;TRUE
steam_ID_258;vgsales_ID_36;TRUE
steam_ID_258;vgsales_ID_55;TRUE
steam_ID_203;vgsales_ID_120;TRUE
steam_ID_258;vgsales_ID_70;TRUE
steam_ID_251;vgsales_ID_98;TRUE
steam_ID_297;vgsales_ID_56;TRUE
steam_ID_258;vgsales_ID_37;TRUE
steam_ID_294;vgsales_ID_44;TRUE
steam_ID_258;vgsales_ID_29;TRUE
steam_ID_203;vgsales_ID_29;TRUE
steam_ID_203;vgsales_ID_55;TRUE
steam_ID_251;vgsales_ID_166;TRUE
steam_ID_251;vgsales_ID_166;TRUE
steam_ID_203;vgsales_ID_120;TRUE
steam_ID_258;vgsales_ID_37;TRUE
steam_ID_235;vgsales_ID_492;FALSE
steam_ID_361;vgsales_ID_127;FALSE
steam_ID_175;vgsales_ID_60;FALSE
steam_ID_59;vgsales_ID_236;FALSE
steam_ID_478;vgsales_ID_310;FALSE
steam_ID_59;vgsales_ID_473;FALSE
steam_ID_288;vgsales_ID_344;FALSE
steam_ID_59;vgsales_ID_456;FALSE
steam_ID_390;vgsales_ID_161;FALSE
steam_ID_479;vgsales_ID_75;FALSE
steam_ID_235;vgsales_ID_429;FALSE
steam_ID_479;vgsales_ID_75;FALSE
steam_ID_478;vgsales_ID_250;FALSE
steam_ID_66;vgsales_ID_244;FALSE
steam_ID_15;vgsales_ID_65;FALSE
steam_ID_203;vgsales_ID_40;FALSE
steam_ID_68;vgsales_ID_67;FALSE
steam_ID_203;vgsales_ID_101;FALSE
steam_ID_59;vgsales_ID_354;FALSE
steam_ID_152;vgsales_ID_352;FALSE
steam_ID_250;vgsales_ID_445;FALSE
steam_ID_258;vgsales_ID_33;FALSE
steam_ID_451;vgsales_ID_236;FALSE
steam_ID_374;vgsales_ID_148;FALSE
steam_ID_361;vgsales_ID_454;FALSE
steam_ID_451;vgsales_ID_361;FALSE
steam_ID_250;vgsales_ID_328;FALSE
steam_ID_479;vgsales_ID_126;FALSE
steam_ID_250;vgsales_ID_250;FALSE
steam_ID_462;vgsales_ID_136;FALSE
steam_ID_102;vgsales_ID_478;FALSE
steam_ID_361;vgsales_ID_284;FALSE
steam_ID_28;vgsales_ID_463;FALSE
steam_ID_468;vgsales_ID_70;FALSE
steam_ID_235;vgsales_ID_59;FALSE
steam_ID_361;vgsales_ID_232;FALSE
steam_ID_162;vgsales_ID_146;FALSE
steam_ID_361;vgsales_ID_127;FALSE
steam_ID_479;vgsales_ID_310;FALSE
steam_ID_67;vgsales_ID_98;FALSE
steam_ID_251;vgsales_ID_244;FALSE
steam_ID_162;vgsales_ID_236;FALSE
steam_ID_478;vgsales_ID_396;FALSE
steam_ID_478;vgsales_ID_146;FALSE
steam_ID_83;vgsales_ID_34;FALSE
steam_ID_235;vgsales_ID_21;FALSE
steam_ID_251;vgsales_ID_29;FALSE
steam_ID_236;vgsales_ID_162;FALSE
steam_ID_236;vgsales_ID_157;FALSE
steam_ID_236;vgsales_ID_162;FALSE
steam_ID_151;vgsales_ID_83;FALSE
steam_ID_361;vgsales_ID_284;FALSE
steam_ID_236;vgsales_ID_200;FALSE
steam_ID_66;vgsales_ID_257;FALSE
steam_ID_451;vgsales_ID_250;FALSE
steam_ID_479;vgsales_ID_445;FALSE
steam_ID_258;vgsales_ID_67;FALSE
steam_ID_67;vgsales_ID_244;FALSE
steam_ID_151;vgsales_ID_250;FALSE
steam_ID_345;vgsales_ID_409;FALSE
steam_ID_479;vgsales_ID_310;FALSE
steam_ID_479;vgsales_ID_445;FALSE
steam_ID_288;vgsales_ID_17;FALSE
steam_ID_59;vgsales_ID_354;FALSE
steam_ID_258;vgsales_ID_349;FALSE
steam_ID_419;vgsales_ID_232;FALSE
steam_ID_67;vgsales_ID_349;FALSE
steam_ID_465;vgsales_ID_438;FALSE
steam_ID_251;vgsales_ID_70;FALSE
steam_ID_478;vgsales_ID_250;FALSE
steam_ID_361;vgsales_ID_227;FALSE
steam_ID_479;vgsales_ID_310;FALSE
steam_ID_162;vgsales_ID_127;FALSE
steam_ID_468;vgsales_ID_29;FALSE
steam_ID_345;vgsales_ID_128;FALSE
steam_ID_151;vgsales_ID_83;FALSE
steam_ID_482;vgsales_ID_208;FALSE
steam_ID_478;vgsales_ID_445;FALSE
steam_ID_250;vgsales_ID_328;FALSE
steam_ID_83;vgsales_ID_55;FALSE
steam_ID_258;vgsales_ID_70;TRUE
steam_ID_298;vgsales_ID_56;FALSE
steam_ID_479;vgsales_ID_310;FALSE
steam_ID_162;vgsales_ID_396;FALSE
steam_ID_203;vgsales_ID_40;FALSE
steam_ID_59;vgsales_ID_456;FALSE
steam_ID_374;vgsales_ID_148;FALSE
steam_ID_265;vgsales_ID_284;FALSE
steam_ID_235;vgsales_ID_107;FALSE
steam_ID_478;vgsales_ID_75;FALSE
steam_ID_478;vgsales_ID_310;FALSE
steam_ID_203;vgsales_ID_36;TRUE
steam_ID_66;vgsales_ID_98;FALSE
steam_ID_478;vgsales_ID_126;FALSE
steam_ID_151;vgsales_ID_478;FALSE
steam_ID_494;vgsales_ID_197;FALSE
steam_ID_162;vgsales_ID_224;FALSE
steam_ID_162;vgsales_ID_236;FALSE
steam_ID_67;vgsales_ID_40;FALSE
steam_ID_297;vgsales_ID_90;FALSE
steam_ID_468;vgsales_ID_67;FALSE
steam_ID_479;vgsales_ID_75;FALSE
steam_ID_162;vgsales_ID_224;FALSE
steam_ID_443;vgsales_ID_134;FALSE
steam_ID_68;vgsales_ID_40;FALSE
steam_ID_162;vgsales_ID_408;FALSE
steam_ID_297;vgsales_ID_47;FALSE
steam_ID_476;vgsales_ID_430;FALSE
steam_ID_361;vgsales_ID_127;FALSE
steam_ID_478;vgsales_ID_445;FALSE
steam_ID_235;vgsales_ID_76;FALSE
steam_ID_250;vgsales_ID_473;FALSE
steam_ID_258;vgsales_ID_120;TRUE
steam_ID_151;vgsales_ID_83;FALSE
steam_ID_49;vgsales_ID_87;FALSE
steam_ID_235;vgsales_ID_182;FALSE
steam_ID_67;vgsales_ID_93;FALSE
steam_ID_151;vgsales_ID_83;FALSE
steam_ID_479;vgsales_ID_250;FALSE
steam_ID_151;vgsales_ID_83;FALSE
steam_ID_250;vgsales_ID_454;FALSE
steam_ID_361;vgsales_ID_224;FALSE
steam_ID_102;vgsales_ID_186;FALSE
steam_ID_203;vgsales_ID_193;FALSE
steam_ID_162;vgsales_ID_284;FALSE
steam_ID_345;vgsales_ID_176;FALSE
steam_ID_465;vgsales_ID_253;FALSE
steam_ID_241;vgsales_ID_154;FALSE
steam_ID_68;vgsales_ID_70;FALSE
steam_ID_450;vgsales_ID_331;FALSE
steam_ID_345;vgsales_ID_304;FALSE
steam_ID_162;vgsales_ID_127;FALSE
steam_ID_67;vgsales_ID_257;FALSE
steam_ID_254;vgsales_ID_433;FALSE
steam_ID_407;vgsales_ID_446;FALSE
steam_ID_83;vgsales_ID_244;FALSE
steam_ID_419;vgsales_ID_227;FALSE
steam_ID_419;vgsales_ID_127;FALSE
steam_ID_479;vgsales_ID_126;FALSE
steam_ID_258;vgsales_ID_67;FALSE
steam_ID_361;vgsales_ID_127;FALSE
steam_ID_102;vgsales_ID_478;FALSE
steam_ID_250;vgsales_ID_231;FALSE
steam_ID_83;vgsales_ID_67;FALSE
steam_ID_151;vgsales_ID_83;FALSE
steam_ID_361;vgsales_ID_284;FALSE
steam_ID_250;vgsales_ID_456;FALSE
steam_ID_59;vgsales_ID_473;FALSE
steam_ID_162;vgsales_ID_250;FALSE
steam_ID_294;vgsales_ID_360;FALSE
steam_ID_345;vgsales_ID_172;FALSE
steam_ID_66;vgsales_ID_98;FALSE
steam_ID_251;vgsales_ID_244;FALSE
steam_ID_361;vgsales_ID_227;FALSE
steam_ID_478;vgsales_ID_445;FALSE
steam_ID_465;vgsales_ID_438;FALSE
steam_ID_59;vgsales_ID_473;FALSE
steam_ID_83;vgsales_ID_349;FALSE
steam_ID_67;vgsales_ID_67;FALSE
steam_ID_162;vgsales_ID_232;FALSE
steam_ID_361;vgsales_ID_454;FALSE
steam_ID_258;vgsales_ID_67;FALSE
steam_ID_320;vgsales_ID_469;FALSE
steam_ID_289;vgsales_ID_56;FALSE
steam_ID_479;vgsales_ID_75;FALSE
steam_ID_478;vgsales_ID_445;FALSE
steam_ID_251;vgsales_ID_61;FALSE
steam_ID_66;vgsales_ID_349;FALSE
steam_ID_162;vgsales_ID_186;FALSE
steam_ID_251;vgsales_ID_244;FALSE
steam_ID_83;vgsales_ID_93;FALSE
steam_ID_162;vgsales_ID_224;FALSE
steam_ID_361;vgsales_ID_227;FALSE
steam_ID_479;vgsales_ID_250;FALSE
steam_ID_419;vgsales_ID_268;FALSE
steam_ID_59;vgsales_ID_456;FALSE
steam_ID_419;vgsales_ID_310;FALSE
steam_ID_66;vgsales_ID_166;FALSE
steam_ID_479;vgsales_ID_250;FALSE
steam_ID_451;vgsales_ID_75;FALSE
steam_ID_209;vgsales_ID_102;FALSE
steam_ID_235;vgsales_ID_21;FALSE
steam_ID_479;vgsales_ID_126;FALSE
steam_ID_251;vgsales_ID_193;FALSE
steam_ID_361;vgsales_ID_284;FALSE
steam_ID_419;vgsales_ID_456;FALSE
steam_ID_361;vgsales_ID_127;FALSE
steam_ID_250;vgsales_ID_250;FALSE
steam_ID_251;vgsales_ID_244;FALSE
steam_ID_102;vgsales_ID_478;FALSE
steam_ID_59;vgsales_ID_354;FALSE
steam_ID_59;vgsales_ID_186;FALSE
steam_ID_162;vgsales_ID_224;FALSE
steam_ID_203;vgsales_ID_31;FALSE
steam_ID_361;vgsales_ID_445;FALSE
steam_ID_419;vgsales_ID_398;FALSE
steam_ID_162;vgsales_ID_284;FALSE
steam_ID_83;vgsales_ID_29;FALSE
steam_ID_361;vgsales_ID_227;FALSE
steam_ID_258;vgsales_ID_166;FALSE
steam_ID_361;vgsales_ID_227;FALSE
steam_ID_203;vgsales_ID_33;FALSE
steam_ID_361;vgsales_ID_284;FALSE
steam_ID_465;vgsales_ID_371;FALSE
steam_ID_390;vgsales_ID_161;FALSE
steam_ID_478;vgsales_ID_310;FALSE
steam_ID_478;vgsales_ID_126;FALSE
steam_ID_59;vgsales_ID_354;FALSE
steam_ID_162;vgsales_ID_146;FALSE
steam_ID_423;vgsales_ID_167;FALSE
steam_ID_478;vgsales_ID_250;FALSE
steam_ID_451;vgsales_ID_83;FALSE
steam_ID_478;vgsales_ID_186;FALSE
steam_ID_419;vgsales_ID_456;FALSE
steam_ID_345;vgsales_ID_304;FALSE
steam_ID_390;vgsales_ID_414;FALSE
steam_ID_59;vgsales_ID_83;FALSE
steam_ID_203;vgsales_ID_37;TRUE
steam_ID_59;vgsales_ID_473;FALSE
steam_ID_102;vgsales_ID_83;FALSE
steam_ID_478;vgsales_ID_75;FALSE
steam_ID_258;vgsales_ID_193;FALSE
steam_ID_59;vgsales_ID_456;FALSE
steam_ID_361;vgsales_ID_127;FALSE
steam_ID_479;vgsales_ID_250;FALSE
steam_ID_68;vgsales_ID_36;FALSE
steam_ID_265;vgsales_ID_224;FALSE
steam_ID_451;vgsales_ID_408;FALSE
steam_ID_361;vgsales_ID_227;FALSE
steam_ID_479;vgsales_ID_126;FALSE
steam_ID_67;vgsales_ID_31;FALSE
steam_ID_479;vgsales_ID_445;FALSE
steam_ID_8;vgsales_ID_281;FALSE
steam_ID_422;vgsales_ID_95;FALSE
steam_ID_345;vgsales_ID_218;FALSE
steam_ID_419;vgsales_ID_456;FALSE
steam_ID_478;vgsales_ID_126;FALSE
steam_ID_251;vgsales_ID_34;FALSE
steam_ID_361;vgsales_ID_284;FALSE
steam_ID_66;vgsales_ID_98;FALSE
steam_ID_419;vgsales_ID_232;FALSE
steam_ID_447;vgsales_ID_443;FALSE
steam_ID_147;vgsales_ID_217;FALSE
steam_ID_59;vgsales_ID_146;FALSE
steam_ID_478;vgsales_ID_146;FALSE
steam_ID_295;vgsales_ID_272;FALSE
steam_ID_250;vgsales_ID_310;FALSE
steam_ID_151;vgsales_ID_232;FALSE
steam_ID_419;vgsales_ID_328;FALSE
steam_ID_451;vgsales_ID_473;FALSE
steam_ID_478;vgsales_ID_284;FALSE
steam_ID_361;vgsales_ID_146;FALSE
steam_ID_265;vgsales_ID_396;FALSE
steam_ID_265;vgsales_ID_227;FALSE
steam_ID_479;vgsales_ID_100;FALSE
steam_ID_236;vgsales_ID_48;FALSE
steam_ID_59;vgsales_ID_127;FALSE
steam_ID_419;vgsales_ID_478;FALSE
steam_ID_450;vgsales_ID_232;FALSE
steam_ID_419;vgsales_ID_186;FALSE
steam_ID_162;vgsales_ID_100;FALSE
steam_ID_450;vgsales_ID_268;FALSE
steam_ID_162;vgsales_ID_328;FALSE
steam_ID_451;vgsales_ID_478;FALSE
steam_ID_236;vgsales_ID_107;FALSE
steam_ID_290;vgsales_ID_52;FALSE
steam_ID_451;vgsales_ID_232;FALSE
steam_ID_162;vgsales_ID_94;FALSE
steam_ID_162;vgsales_ID_408;FALSE
steam_ID_361;vgsales_ID_232;FALSE
steam_ID_265;vgsales_ID_361;FALSE
steam_ID_151;vgsales_ID_396;FALSE
steam_ID_450;vgsales_ID_398;FALSE
steam_ID_450;vgsales_ID_310;FALSE
steam_ID_265;vgsales_ID_361;FALSE
steam_ID_59;vgsales_ID_331;FALSE
steam_ID_478;vgsales_ID_398;FALSE
steam_ID_450;vgsales_ID_75;FALSE
steam_ID_450;vgsales_ID_126;FALSE
steam_ID_102;vgsales_ID_126;FALSE
steam_ID_250;vgsales_ID_224;FALSE
steam_ID_479;vgsales_ID_100;FALSE
steam_ID_59;vgsales_ID_398;FALSE
steam_ID_250;vgsales_ID_83;FALSE
steam_ID_59;vgsales_ID_310;FALSE
steam_ID_11;vgsales_ID_79;FALSE
steam_ID_450;vgsales_ID_284;FALSE
steam_ID_478;vgsales_ID_478;FALSE
steam_ID_59;vgsales_ID_396;FALSE
steam_ID_102;vgsales_ID_328;FALSE
steam_ID_450;vgsales_ID_268;FALSE
steam_ID_162;vgsales_ID_478;FALSE
steam_ID_265;vgsales_ID_224;FALSE
steam_ID_419;vgsales_ID_284;FALSE
steam_ID_450;vgsales_ID_127;FALSE
steam_ID_102;vgsales_ID_361;FALSE
steam_ID_478;vgsales_ID_454;FALSE
steam_ID_478;vgsales_ID_227;FALSE
steam_ID_451;vgsales_ID_473;FALSE
steam_ID_297;vgsales_ID_272;FALSE
steam_ID_419;vgsales_ID_361;FALSE
steam_ID_419;vgsales_ID_361;FALSE
steam_ID_419;vgsales_ID_310;FALSE
steam_ID_102;vgsales_ID_454;FALSE
steam_ID_250;vgsales_ID_250;FALSE
steam_ID_265;vgsales_ID_126;FALSE
steam_ID_451;vgsales_ID_268;FALSE
steam_ID_102;vgsales_ID_94;FALSE
steam_ID_151;vgsales_ID_146;FALSE
steam_ID_235;vgsales_ID_107;FALSE
steam_ID_250;vgsales_ID_454;FALSE
steam_ID_102;vgsales_ID_94;FALSE
steam_ID_250;vgsales_ID_232;FALSE
steam_ID_162;vgsales_ID_331;FALSE
steam_ID_265;vgsales_ID_396;FALSE
steam_ID_419;vgsales_ID_236;FALSE
steam_ID_59;vgsales_ID_146;FALSE
steam_ID_361;vgsales_ID_310;FALSE
steam_ID_419;vgsales_ID_331;FALSE
steam_ID_478;vgsales_ID_227;FALSE
steam_ID_162;vgsales_ID_331;FALSE
steam_ID_479;vgsales_ID_398;FALSE
steam_ID_361;vgsales_ID_146;FALSE
steam_ID_494;vgsales_ID_69;FALSE
steam_ID_59;vgsales_ID_146;FALSE
steam_ID_451;vgsales_ID_398;FALSE
steam_ID_478;vgsales_ID_231;FALSE
steam_ID_59;vgsales_ID_408;FALSE
steam_ID_451;vgsales_ID_268;FALSE
steam_ID_450;vgsales_ID_454;FALSE
steam_ID_451;vgsales_ID_408;FALSE
steam_ID_450;vgsales_ID_231;FALSE
steam_ID_419;vgsales_ID_396;FALSE
steam_ID_250;vgsales_ID_318;FALSE
steam_ID_451;vgsales_ID_126;FALSE
steam_ID_151;vgsales_ID_100;FALSE
steam_ID_361;vgsales_ID_331;FALSE
steam_ID_235;vgsales_ID_1;FALSE
steam_ID_450;vgsales_ID_396;FALSE
steam_ID_236;vgsales_ID_22;FALSE
steam_ID_59;vgsales_ID_236;FALSE
steam_ID_478;vgsales_ID_186;FALSE
steam_ID_162;vgsales_ID_408;FALSE
steam_ID_59;vgsales_ID_146;FALSE
steam_ID_265;vgsales_ID_250;FALSE
steam_ID_59;vgsales_ID_227;FALSE
steam_ID_479;vgsales_ID_284;FALSE
steam_ID_59;vgsales_ID_408;FALSE
steam_ID_102;vgsales_ID_454;FALSE
steam_ID_102;vgsales_ID_146;FALSE
steam_ID_250;vgsales_ID_354;FALSE
steam_ID_162;vgsales_ID_100;FALSE
steam_ID_236;vgsales_ID_492;FALSE
steam_ID_59;vgsales_ID_224;FALSE
steam_ID_419;vgsales_ID_478;FALSE
steam_ID_447;vgsales_ID_92;FALSE
steam_ID_479;vgsales_ID_456;FALSE
steam_ID_265;vgsales_ID_445;FALSE
steam_ID_450;vgsales_ID_227;FALSE
steam_ID_422;vgsales_ID_393;FALSE
steam_ID_162;vgsales_ID_396;FALSE
steam_ID_59;vgsales_ID_232;FALSE
steam_ID_250;vgsales_ID_331;FALSE
steam_ID_478;vgsales_ID_284;FALSE
steam_ID_479;vgsales_ID_268;FALSE
steam_ID_450;vgsales_ID_268;FALSE
steam_ID_478;vgsales_ID_478;FALSE
steam_ID_419;vgsales_ID_473;FALSE
steam_ID_479;vgsales_ID_94;FALSE
steam_ID_450;vgsales_ID_361;FALSE
steam_ID_479;vgsales_ID_396;FALSE
steam_ID_162;vgsales_ID_83;FALSE
steam_ID_250;vgsales_ID_250;FALSE
steam_ID_479;vgsales_ID_473;FALSE
steam_ID_419;vgsales_ID_83;FALSE
steam_ID_265;vgsales_ID_328;FALSE
steam_ID_451;vgsales_ID_456;FALSE
steam_ID_361;vgsales_ID_250;FALSE
steam_ID_162;vgsales_ID_456;FALSE
steam_ID_419;vgsales_ID_473;FALSE
steam_ID_450;vgsales_ID_127;FALSE
steam_ID_151;vgsales_ID_224;FALSE
steam_ID_479;vgsales_ID_83;FALSE
steam_ID_361;vgsales_ID_146;FALSE
steam_ID_361;vgsales_ID_354;FALSE
steam_ID_451;vgsales_ID_250;FALSE
steam_ID_151;vgsales_ID_398;FALSE
steam_ID_151;vgsales_ID_473;FALSE
steam_ID_478;vgsales_ID_408;FALSE
steam_ID_59;vgsales_ID_454;FALSE
steam_ID_479;vgsales_ID_328;FALSE
steam_ID_450;vgsales_ID_100;FALSE
steam_ID_102;vgsales_ID_94;FALSE
steam_ID_151;vgsales_ID_354;FALSE
steam_ID_479;vgsales_ID_361;FALSE
steam_ID_151;vgsales_ID_408;FALSE
steam_ID_265;vgsales_ID_236;FALSE
steam_ID_151;vgsales_ID_94;FALSE
steam_ID_250;vgsales_ID_83;FALSE
steam_ID_250;vgsales_ID_478;FALSE
steam_ID_250;vgsales_ID_354;FALSE
steam_ID_250;vgsales_ID_224;FALSE
steam_ID_102;vgsales_ID_232;FALSE
steam_ID_250;vgsales_ID_127;FALSE
steam_ID_162;vgsales_ID_454;FALSE
steam_ID_250;vgsales_ID_473;FALSE
steam_ID_102;vgsales_ID_318;FALSE
steam_ID_419;vgsales_ID_126;FALSE
steam_ID_479;vgsales_ID_127;FALSE
steam_ID_478;vgsales_ID_232;FALSE
steam_ID_478;vgsales_ID_318;FALSE
steam_ID_450;vgsales_ID_146;FALSE
steam_ID_419;vgsales_ID_473;FALSE
steam_ID_151;vgsales_ID_186;FALSE
steam_ID_265;vgsales_ID_396;FALSE
steam_ID_450;vgsales_ID_361;FALSE
steam_ID_451;vgsales_ID_186;FALSE
steam_ID_235;vgsales_ID_39;FALSE
steam_ID_162;vgsales_ID_361;FALSE
steam_ID_451;vgsales_ID_445;FALSE
steam_ID_451;vgsales_ID_232;FALSE
steam_ID_249;vgsales_ID_92;FALSE
steam_ID_320;vgsales_ID_312;FALSE
steam_ID_419;vgsales_ID_232;FALSE
steam_ID_162;vgsales_ID_408;FALSE
steam_ID_151;vgsales_ID_146;FALSE
steam_ID_478;vgsales_ID_328;FALSE
steam_ID_162;vgsales_ID_284;FALSE
steam_ID_419;vgsales_ID_100;FALSE
steam_ID_265;vgsales_ID_354;FALSE
steam_ID_451;vgsales_ID_227;FALSE
steam_ID_265;vgsales_ID_224;FALSE
steam_ID_162;vgsales_ID_126;FALSE
steam_ID_102;vgsales_ID_232;FALSE
steam_ID_451;vgsales_ID_408;FALSE
steam_ID_361;vgsales_ID_236;FALSE
steam_ID_419;vgsales_ID_227;FALSE
steam_ID_419;vgsales_ID_318;FALSE
steam_ID_59;vgsales_ID_268;FALSE
steam_ID_18;vgsales_ID_129;FALSE
steam_ID_250;vgsales_ID_127;FALSE
steam_ID_361;vgsales_ID_361;FALSE
steam_ID_478;vgsales_ID_318;FALSE
steam_ID_450;vgsales_ID_408;FALSE
steam_ID_250;vgsales_ID_231;FALSE
steam_ID_59;vgsales_ID_361;FALSE
steam_ID_479;vgsales_ID_354;FALSE
steam_ID_151;vgsales_ID_354;FALSE
steam_ID_133;vgsales_ID_267;FALSE
steam_ID_419;vgsales_ID_478;FALSE
steam_ID_450;vgsales_ID_408;FALSE
steam_ID_59;vgsales_ID_236;FALSE
steam_ID_451;vgsales_ID_398;FALSE
steam_ID_450;vgsales_ID_236;FALSE
steam_ID_59;vgsales_ID_478;FALSE
steam_ID_162;vgsales_ID_83;FALSE
steam_ID_419;vgsales_ID_445;FALSE
steam_ID_102;vgsales_ID_227;FALSE
steam_ID_451;vgsales_ID_331;FALSE
steam_ID_250;vgsales_ID_478;FALSE
steam_ID_451;vgsales_ID_284;FALSE
steam_ID_151;vgsales_ID_456;FALSE
steam_ID_451;vgsales_ID_227;FALSE
steam_ID_265;vgsales_ID_331;FALSE
steam_ID_451;vgsales_ID_445;FALSE
steam_ID_479;vgsales_ID_454;FALSE
steam_ID_265;vgsales_ID_445;FALSE
steam_ID_59;vgsales_ID_236;FALSE
steam_ID_265;vgsales_ID_75;FALSE
steam_ID_265;vgsales_ID_318;FALSE
steam_ID_451;vgsales_ID_100;FALSE
steam_ID_361;vgsales_ID_94;FALSE
steam_ID_162;vgsales_ID_126;FALSE
steam_ID_419;vgsales_ID_232;FALSE
steam_ID_102;vgsales_ID_268;FALSE
steam_ID_50;vgsales_ID_353;FALSE
steam_ID_59;vgsales_ID_408;FALSE
steam_ID_151;vgsales_ID_231;FALSE
steam_ID_265;vgsales_ID_146;FALSE
steam_ID_479;vgsales_ID_227;FALSE